{"content":[{"id":"a87c043","settings":{"content_width":{"unit":"px","size":1200,"sizes":[]},"structure":"20"},"elements":[{"id":"7a201821","settings":{"_column_size":50,"_inline_size":30,"content_position":"center"},"elements":[{"id":"1ccd91bd","settings":{"menus":"0","_padding":{"unit":"%","top":"","right":"","bottom":"","left":"","isLinked":true},"_padding_tablet":{"unit":"%","top":"","right":"","bottom":"","left":"","isLinked":true},"_padding_mobile":{"unit":"%","top":"","right":"","bottom":"","left":"","isLinked":true},"_element_width":"initial","_element_vertical_align":"center","vertical":"yes","with_signs":"yes","_element_custom_width":{"unit":"%","size":100},"_offset_x":{"size":-1,"unit":"px"},"_offset_y":{"size":114,"unit":"px"}},"elements":[],"isInner":false,"widgetType":"menus_widget","elType":"widget"}],"isInner":false,"elType":"column"},{"id":"633acf0e","settings":{"_column_size":50,"_inline_size":70},"elements":[{"id":"7602b1c3","settings":{"is_slider":"yes","_element_width":"initial","_element_custom_width":{"unit":"%","size":100},"add_to_container":"yes","_padding":{"unit":"px","top":"0","right":"0","bottom":"0","left":"25","isLinked":false},"_border_border":"solid","_border_width":{"unit":"px","top":"0","right":"0","bottom":"0","left":"2","isLinked":false},"_border_color":"#5E6821","_border_radius":{"unit":"px","top":"0","right":"0","bottom":"0","left":"0","isLinked":false},"posts_per_page":5,"category":"169"},"elements":[],"isInner":false,"widgetType":"article_widget","elType":"widget"}],"isInner":false,"elType":"column"}],"isInner":false,"elType":"section"},{"id":"78f8c8b2","settings":[],"elements":[{"id":"5eb79e46","settings":{"_column_size":100,"_inline_size":null},"elements":[{"id":"457d5fc9","settings":{"text":"Divider","color":"#5E6821","weight":{"unit":"px","size":2,"sizes":[]},"__globals__":{"color":""}},"elements":[],"isInner":false,"widgetType":"divider","elType":"widget"}],"isInner":false,"elType":"column"}],"isInner":false,"elType":"section"},{"id":"394fbed6","settings":{"content_width":{"unit":"px","size":1600,"sizes":[]}},"elements":[{"id":"701ea565","settings":{"_column_size":100,"_inline_size":null},"elements":[{"id":"1a9b5ccc","settings":[],"elements":[],"isInner":false,"widgetType":"spacer","elType":"widget"},{"id":"52ae5f65","settings":{"title":"<h4 class=\"title\" style=\"color: rgb(0, 0, 0); white-space-collapse: collapse;\">Most popular products<\/h4>"},"elements":[],"isInner":false,"widgetType":"heading","elType":"widget"}],"isInner":false,"elType":"column"}],"isInner":false,"elType":"section"},{"id":"1e48ec9d","settings":{"content_width":{"unit":"px","size":2000,"sizes":[]}},"elements":[{"id":"327b19c7","settings":{"_column_size":100,"_inline_size":null},"elements":[{"id":"7ac4b100","settings":[],"elements":[],"isInner":false,"widgetType":"spacer","elType":"widget"},{"id":"54d34833","settings":{"posts_per_page":15,"is_slider":"yes","_element_width":"inherit","_element_custom_width":{"unit":"vw","size":78.048000000000002},"_element_vertical_align":"center","_element_custom_width_tablet":{"unit":"vw","size":"","sizes":[]},"_element_custom_width_mobile":{"unit":"vw","size":"","sizes":[]}},"elements":[],"isInner":false,"widgetType":"products_widget","elType":"widget"},{"id":"6155d268","settings":{"title":"<h4 class=\"title\" style=\"color: rgb(0, 0, 0); white-space-collapse: collapse;\"> Shopping by size<\/h4>","_margin":{"unit":"px","top":"0","right":"0","bottom":"0","left":"227","isLinked":false},"_element_width":"initial","_element_custom_width":{"unit":"%","size":100},"_element_vertical_align":"center"},"elements":[],"isInner":false,"widgetType":"heading","elType":"widget"},{"id":"45420755","settings":{"structure":"30","content_width":{"unit":"px","size":1600,"sizes":[]}},"elements":[{"id":"1b136a55","settings":{"_column_size":33,"_inline_size":null},"elements":[{"id":"25ee1f5e","settings":{"image":{"id":"","url":"http:\/\/wp.local\/wp-content\/themes\/wordpress-theme-plants\/assets\/img\/size-banners\/gif\/small.gif","alt":"Banner small img","source":"url","size":""},"css_filters_blur":{"unit":"px","size":0.40000000000000002,"sizes":[]},"css_filters_brightness":{"unit":"px","size":80,"sizes":[]},"css_filters_contrast":{"unit":"px","size":124,"sizes":[]},"_css_classes":"darken-image","width":{"unit":"%","size":100,"sizes":[]},"space":{"unit":"%","size":100,"sizes":[]},"height":{"unit":"px","size":600,"sizes":[]},"_element_width":"inherit","_element_custom_width":{"unit":"%","size":100,"sizes":[]},"_element_vertical_align":"center"},"elements":[],"isInner":false,"widgetType":"image","elType":"widget"},{"id":"1ea49fb5","settings":{"editor":"<p class=\"sub-title\" style=\"color: #ffffff;\">1 - 2ft.<\/p><h2 class=\"title\" style=\"color: #ffffff;\">Small plants<\/h2><p><a style=\"font-size: 16px; color: white;\" href=\"http:\/\/wordpress.local\/\">Shop now<\/a><\/p>","_element_width":"initial","_element_custom_width":{"unit":"%","size":40.844999999999999},"_position":"absolute","_offset_x":{"size":10,"unit":"%"},"_offset_y":{"size":446.96899999999999,"unit":"px"},"_offset_x_none":{"size":155},"_offset_y_none":{"size":363},"_offset_x_tablet":{"unit":"%","size":"","sizes":[]},"_offset_x_mobile":{"unit":"%","size":"","sizes":[]}},"elements":[],"isInner":false,"widgetType":"text-editor","elType":"widget"}],"isInner":true,"elType":"column"},{"id":"41d06e8","settings":{"_column_size":33,"_inline_size":null},"elements":[{"id":"15916433","settings":{"image":{"id":"","url":"http:\/\/wp.local\/wp-content\/themes\/wordpress-theme-plants\/assets\/img\/size-banners\/gif\/medium.gif","alt":"Banner medium img","source":"url","size":""},"_css_classes":"darken-image","image_size":"medium_large","width":{"unit":"%","size":100,"sizes":[]},"space":{"unit":"%","size":100,"sizes":[]},"height":{"unit":"px","size":600,"sizes":[]},"_element_width":"inherit","_element_vertical_align":"center"},"elements":[],"isInner":false,"widgetType":"image","elType":"widget"},{"id":"37bac441","settings":{"editor":"<p class=\"sub-title\" style=\"color: #ffffff;\">2 - 4ft.<\/p><h2 class=\"title\" style=\"color: #ffffff;\">Medium plants<\/h2><p><a style=\"font-size: 16px; color: white;\" href=\"http:\/\/wordpress.local\/\">Shop now<\/a><\/p>","_element_width":"initial","_element_custom_width":{"unit":"%","size":50},"_position":"absolute","_offset_x":{"size":10,"unit":"%"},"_offset_y":{"size":445,"unit":"px"},"_offset_x_tablet":{"unit":"%","size":"","sizes":[]},"_offset_x_mobile":{"unit":"%","size":"","sizes":[]}},"elements":[],"isInner":false,"widgetType":"text-editor","elType":"widget"},{"id":"3c4805c3","settings":{"editor":"<p class=\"sub-title\" style=\"color: #ffffff;\">5+ ft.<\/p><h2 class=\"title\" style=\"color: #ffffff;\">Large plants<\/h2><p><a style=\"font-size: 16px; color: white;\" href=\"http:\/\/wordpress.local\/\">Shop now<\/a><\/p>","_element_width":"initial","_element_custom_width":{"unit":"%","size":49.337000000000003},"_position":"absolute","_offset_x":{"size":110,"unit":"%"},"_offset_y":{"size":454.93799999999999,"unit":"px"},"_offset_x_tablet":{"unit":"%","size":"","sizes":[]},"_offset_x_mobile":{"unit":"%","size":"","sizes":[]}},"elements":[],"isInner":false,"widgetType":"text-editor","elType":"widget"}],"isInner":true,"elType":"column"},{"id":"423cac10","settings":{"_column_size":33,"_inline_size":null},"elements":[{"id":"50f196e7","settings":{"image":{"id":"","url":"http:\/\/wp.local\/wp-content\/themes\/wordpress-theme-plants\/assets\/img\/size-banners\/gif\/large.gif","alt":"Banner large img","source":"url","size":""},"_css_classes":"darken-image","width":{"unit":"%","size":100,"sizes":[]},"space":{"unit":"%","size":100,"sizes":[]},"height":{"unit":"px","size":600,"sizes":[]}},"elements":[],"isInner":false,"widgetType":"image","elType":"widget"}],"isInner":true,"elType":"column"}],"isInner":true,"elType":"section"}],"isInner":false,"elType":"column"}],"isInner":false,"elType":"section"},{"id":"16d6a59e","settings":{"background_background":"classic","background_color":"#5E6821","padding":{"unit":"px","top":"0","right":"0","bottom":"700","left":"0","isLinked":false},"margin":{"unit":"px","top":"0","right":0,"bottom":"400","left":0,"isLinked":false}},"elements":[{"id":"2877f776","settings":{"_column_size":100,"_inline_size":null},"elements":[],"isInner":false,"elType":"column"}],"isInner":false,"elType":"section"},{"id":"57156204","settings":[],"elements":[{"id":"50dfc66c","settings":{"_column_size":100,"_inline_size":null},"elements":[],"isInner":false,"elType":"column"}],"isInner":false,"elType":"section"},{"id":"71faef85","settings":{"content_position":"middle"},"elements":[{"id":"7f451b44","settings":{"_column_size":100,"_inline_size":null},"elements":[{"id":"4d95349","settings":{"editor":"<h1 style=\"margin: 0px 0px 20px; padding: 40px 0px; font-size: 68px; box-sizing: border-box; font-family: 'Noto Sans', sans-serif; text-decoration: none; font-weight: normal; width: 840px; color: #ffffff; font-style: normal; font-variant-ligatures: normal; font-variant-caps: normal; letter-spacing: normal; orphans: 2; text-align: start; text-indent: 0px; text-transform: none; widows: 2; word-spacing: 0px; -webkit-text-stroke-width: 0px; white-space: normal;\">Explore our <img style=\"display: inline;\" src=\"http:\/\/wp.local\/wp-content\/themes\/wordpress-theme-plants\/assets\/img\/title-images\/ps-top-min-1.png\" alt=\"img\" \/> extensive range of plants <img style=\"display: inline;\" src=\"http:\/\/wp.local\/wp-content\/themes\/wordpress-theme-plants\/assets\/img\/title-images\/ps-top-min-2.png\" alt=\"img\" \/>\u00a0for <img style=\"display: inline;\" src=\"http:\/\/wp.local\/wp-content\/themes\/wordpress-theme-plants\/assets\/img\/title-images\/ps-top-min-3.png\" alt=\"img\" \/> your \u00a0room.<\/h1>","_position":"absolute","_offset_x":{"size":-5,"unit":"px"},"_offset_y":{"size":-1037,"unit":"px"}},"elements":[],"isInner":false,"widgetType":"text-editor","elType":"widget"}],"isInner":false,"elType":"column"}],"isInner":false,"elType":"section"},{"id":"293c080c","settings":{"content_position":"middle","structure":"20","z_index":1},"elements":[{"id":"3d758e47","settings":{"_column_size":50,"_inline_size":40},"elements":[{"id":"74c67cfa","settings":{"editor":"<div class=\"quotes\"><div class=\"quote-text\"><p><img src=\"&lt;?php echo THEME_IMG_URI ?&gt;\/svg\/quotes.svg\" alt=\"\" \/><\/p><p><img src=\"http:\/\/wordpress.local\/wp-content\/themes\/plants\/assets\/img\/svg\/quotes.svg\" alt=\"\" \/><\/p><p><span style=\"color: #000000;\">I am so happy, my dear friend, so absorbed in the exquisite sense of mere existence.<\/span><\/p><\/div><div class=\"quote-author display-flex gap\"><div class=\"avatar\"><img style=\"font-size: 16px;\" src=\"http:\/\/wordpress.local\/wp-content\/themes\/plants\/assets\/img\/size-banners\/avatar.png\" alt=\"\" \/><img src=\"&lt;?php echo THEME_IMG_URI ?&gt;\/size-banners\/avatar.png\" alt=\"\" \/><\/div><div class=\"quote-author-info\"><div class=\"quote-author-name\"><p class=\"title\"><span style=\"color: #000000;\">Jenny Wilson<\/span><\/p><\/div><div class=\"quote-author-position\"><p class=\"text\"><span style=\"color: #000000;\">Founder<\/span><\/p><\/div><\/div><\/div><\/div>","_element_width":"initial","_element_custom_width":{"unit":"%","size":100},"_offset_x":{"size":-6.9169999999999998,"unit":"px"},"_offset_y":{"size":-622.91700000000003,"unit":"px"},"_z_index":1,"_position":"absolute"},"elements":[],"isInner":false,"widgetType":"text-editor","elType":"widget"}],"isInner":false,"elType":"column"},{"id":"7230ba81","settings":{"_column_size":50,"_inline_size":60,"space_between_widgets":20,"html_tag":"div"},"elements":[{"id":"57b16c7d","settings":{"video_type":"vimeo","youtube_url":"https:\/\/www.youtube.com\/watch?v=XHOmBV4js_E","vimeo_url":"https:\/\/vimeo.com\/235215203","dailymotion_url":"https:\/\/www.dailymotion.com\/video\/x6tqhqb","aspect_ratio":"11","_element_width":"initial","_element_custom_width":{"unit":"%","size":89},"_position":"absolute","_offset_x":{"size":67,"unit":"px"},"_offset_y":{"size":-624,"unit":"px"},"_padding":{"unit":"px","top":"0","right":"0","bottom":"025","left":"0","isLinked":false}},"elements":[],"isInner":false,"widgetType":"video","elType":"widget"}],"isInner":false,"elType":"column"}],"isInner":false,"elType":"section"},{"id":"33980311","settings":{"structure":"20","content_position":"middle"},"elements":[{"id":"6b5b8363","settings":{"_column_size":50,"_inline_size":null},"elements":[{"id":"50731d8b","settings":{"title":"<h4 style=\"color: rgb(0, 0, 0); white-space-collapse: collapse;\">Exotic flowering plants<\/h4><p class=\"opacity-80\" style=\"color: rgb(0, 0, 0); white-space-collapse: collapse;\">Most popular products<span style=\"color: var( --e-global-color-primary ); font-family: var( --e-global-typography-primary-font-family ), Sans-serif; font-size: 40px; font-weight: var( --e-global-typography-primary-font-weight ); white-space-collapse: preserve;\"><\/span><\/p>","_element_width":"inherit","_element_vertical_align":"center"},"elements":[],"isInner":false,"widgetType":"heading","elType":"widget"}],"isInner":false,"elType":"column"},{"id":"3195c313","settings":{"_column_size":50,"_inline_size":null,"align":"center","text_align":"right"},"elements":[{"id":"f0eb953","settings":{"text":"Shop All","link":{"url":"http:\/\/wp.local\/shop\/","is_external":"","nofollow":"","custom_attributes":""},"background_color":"#5E6821","text_padding":{"unit":"px","top":"5","right":"7","bottom":"5","left":"7","isLinked":false},"_element_width":"initial","_element_custom_width":{"unit":"%","size":100.182},"_offset_x":{"size":494,"unit":"px"},"_offset_y":{"size":66,"unit":"px"},"align":"right"},"elements":[],"isInner":false,"widgetType":"button","elType":"widget"}],"isInner":false,"elType":"column"}],"isInner":false,"elType":"section"},{"id":"5f3fd65e","settings":[],"elements":[{"id":"53ef0410","settings":{"_column_size":100,"_inline_size":null},"elements":[{"id":"4c3bf8c3","settings":{"text":"Divider","color":"#5E6821","weight":{"unit":"px","size":2,"sizes":[]},"__globals__":{"color":""},"align":"center"},"elements":[],"isInner":false,"widgetType":"divider","elType":"widget"},{"id":"256f222a","settings":{"add_to_container":"yes"},"elements":[],"isInner":false,"widgetType":"products_widget","elType":"widget"}],"isInner":false,"elType":"column"}],"isInner":false,"elType":"section"},{"id":"71af575f","settings":[],"elements":[{"id":"22341d34","settings":{"_column_size":100,"_inline_size":null},"elements":[{"id":"62398586","settings":[],"elements":[],"isInner":false,"widgetType":"spacer","elType":"widget"},{"id":"11ea0866","settings":{"title":"<h4 style=\"color: rgb(0, 0, 0); white-space-collapse: collapse;\">Our articles<\/h4>","_element_width":"initial","_element_custom_width":{"unit":"%","size":98.608000000000004}},"elements":[],"isInner":false,"widgetType":"heading","elType":"widget"},{"id":"23ed3ef1","settings":{"text":"Divider","color":"#5E6821","weight":{"unit":"px","size":2,"sizes":[]},"__globals__":{"color":""}},"elements":[],"isInner":false,"widgetType":"divider","elType":"widget"},{"id":"3f78e164","settings":[],"elements":[],"isInner":false,"widgetType":"article_widget","elType":"widget"}],"isInner":false,"elType":"column"}],"isInner":false,"elType":"section"},{"id":"1e6370bf","settings":[],"elements":[{"id":"631da2b3","settings":{"_column_size":100,"_inline_size":null},"elements":[{"id":"34cf5d9c","settings":[],"elements":[],"isInner":false,"widgetType":"spacer","elType":"widget"},{"id":"6f29618","settings":{"editor":"<h4 class=\"title\" style=\"color: #000000;\">View our instagram<\/h4>"},"elements":[],"isInner":false,"widgetType":"text-editor","elType":"widget"},{"id":"60fa59e0","settings":{"text":"Divider","color":"#5E6821","weight":{"unit":"px","size":2,"sizes":[]},"__globals__":{"color":""}},"elements":[],"isInner":false,"widgetType":"divider","elType":"widget"},{"id":"2b7026c2","settings":{"wp_gallery":[{"id":114,"url":"http:\/\/wp.local\/wp-content\/uploads\/2023\/08\/product-1691061211-373384803.png"},{"id":85,"url":"http:\/\/wp.local\/wp-content\/uploads\/2023\/08\/product-1691061199-920126944.png"},{"id":150,"url":"http:\/\/wp.local\/wp-content\/uploads\/2023\/08\/product-1691061222-1594448197.png"},{"id":38,"url":"http:\/\/wp.local\/wp-content\/uploads\/2023\/08\/product-1691061183-1606723853.png"},{"id":83,"url":"http:\/\/wp.local\/wp-content\/uploads\/2023\/08\/product-1691061196-2072399694.png"},{"id":54,"url":"http:\/\/wp.local\/wp-content\/uploads\/2023\/08\/product-1691061189-1413004368.png"}],"gallery_columns":"6","image_border_border":"none","_element_width":"initial","_element_custom_width":{"unit":"%","size":102.5}},"elements":[],"isInner":false,"widgetType":"image-gallery","elType":"widget"}],"isInner":false,"elType":"column"}],"isInner":false,"elType":"section"},{"id":"76474b9b","settings":{"content_width":{"unit":"px","size":1200,"sizes":[]}},"elements":[{"id":"7323698","settings":{"_column_size":100,"_inline_size":null},"elements":[{"id":"4bdebae","settings":{"space":{"unit":"px","size":100,"sizes":[]}},"elements":[],"isInner":false,"widgetType":"spacer","elType":"widget"}],"isInner":false,"elType":"column"}],"isInner":false,"elType":"section"}],"settings":{"template":"elementor_theme"},"metadata":[]}