{"content":[{"id":"8fa4974","settings":[],"elements":[{"id":"4fa90311","settings":{"_column_size":100,"_inline_size":null},"elements":[{"id":"1bfd09c1","settings":{"editor":"<h4><span style=\"color: #000000;\">Care Library<\/span><\/h4>"},"elements":[],"isInner":false,"widgetType":"text-editor","elType":"widget"}],"isInner":false,"elType":"column"}],"isInner":false,"elType":"section"},{"id":"7ab36749","settings":{"structure":"20"},"elements":[{"id":"2b7e6147","settings":{"_column_size":50,"_inline_size":42.631999999999998},"elements":[{"id":"15cd867d","settings":{"editor":"<h2><span style=\"color: #242424;\">All necessary information on plant care.<\/span><\/h2>","_element_width":"initial","_element_custom_width":{"unit":"%","size":97.097999999999999}},"elements":[],"isInner":false,"widgetType":"text-editor","elType":"widget"}],"isInner":false,"elType":"column"},{"id":"32e5fb5a","settings":{"_column_size":50,"_inline_size":57.368000000000002},"elements":[{"id":"1b2a3a73","settings":{"title":"Jump to widget"},"elements":[],"isInner":false,"widgetType":"heading","elType":"widget"}],"isInner":false,"elType":"column"}],"isInner":false,"elType":"section"}],"settings":{"template":"default"},"metadata":[]}