{"content":[{"id":"2353e30a","settings":[],"elements":[{"id":"64160c6b","settings":{"_column_size":100,"_inline_size":null},"elements":[{"id":"38aeb6fe","settings":{"editor":"<h4><span style=\"color: #000000;\">Care Library<\/span><\/h4>"},"elements":[],"isInner":false,"widgetType":"text-editor","elType":"widget"}],"isInner":false,"elType":"column"}],"isInner":false,"elType":"section"},{"id":"6af07fa","settings":{"structure":"20"},"elements":[{"id":"21d5dbed","settings":{"_column_size":50,"_inline_size":42.631999999999998},"elements":[{"id":"798a6ac8","settings":{"editor":"<h2><span style=\"color: #242424;\">All necessary information on plant care.<\/span><\/h2>","_element_width":"initial","_element_custom_width":{"unit":"%","size":97.097999999999999}},"elements":[],"isInner":false,"widgetType":"text-editor","elType":"widget"}],"isInner":false,"elType":"column"},{"id":"65c161e6","settings":{"_column_size":50,"_inline_size":57.368000000000002},"elements":[{"id":"7cff8068","settings":{"title":"Jump to widget"},"elements":[],"isInner":false,"widgetType":"heading","elType":"widget"}],"isInner":false,"elType":"column"}],"isInner":false,"elType":"section"}],"settings":{"template":"default"},"metadata":[]}