{"content":[{"id":"681a9434","settings":[],"elements":[{"id":"154ac996","settings":{"_column_size":100,"_inline_size":null},"elements":[{"id":"1c2b048e","settings":{"editor":"<h4><span style=\"color: #000000;\">Care Library<\/span><\/h4>"},"elements":[],"isInner":false,"widgetType":"text-editor","elType":"widget"}],"isInner":false,"elType":"column"}],"isInner":false,"elType":"section"},{"id":"42b24b25","settings":{"structure":"20"},"elements":[{"id":"2589e398","settings":{"_column_size":50,"_inline_size":42.631999999999998},"elements":[{"id":"432ad25d","settings":{"editor":"<h2><span style=\"color: #242424;\">All necessary information on plant care.<\/span><\/h2>","_element_width":"initial","_element_custom_width":{"unit":"%","size":97.097999999999999}},"elements":[],"isInner":false,"widgetType":"text-editor","elType":"widget"}],"isInner":false,"elType":"column"},{"id":"2c74a5dd","settings":{"_column_size":50,"_inline_size":57.368000000000002},"elements":[{"id":"52d935df","settings":{"title":"Jump to widget"},"elements":[],"isInner":false,"widgetType":"heading","elType":"widget"}],"isInner":false,"elType":"column"}],"isInner":false,"elType":"section"}],"settings":{"template":"default"},"metadata":[]}