{"content":[{"id":"771348c1","settings":{"content_width":{"unit":"px","size":1200,"sizes":[]},"structure":"20"},"elements":[{"id":"49376285","settings":{"_column_size":50,"_inline_size":30,"content_position":"center"},"elements":[{"id":"70ab9a7","settings":{"menus":"0","_padding":{"unit":"%","top":"","right":"","bottom":"","left":"","isLinked":true},"_padding_tablet":{"unit":"%","top":"","right":"","bottom":"","left":"","isLinked":true},"_padding_mobile":{"unit":"%","top":"","right":"","bottom":"","left":"","isLinked":true},"_element_width":"initial","_element_vertical_align":"center","vertical":"yes","with_signs":"yes","_element_custom_width":{"unit":"%","size":100},"_offset_x":{"size":-1,"unit":"px"},"_offset_y":{"size":114,"unit":"px"}},"elements":[],"isInner":false,"widgetType":"menus_widget","elType":"widget"}],"isInner":false,"elType":"column"},{"id":"3c442e50","settings":{"_column_size":50,"_inline_size":70},"elements":[{"id":"1dd60ec5","settings":{"is_slider":"yes","_element_width":"initial","_element_custom_width":{"unit":"%","size":100},"add_to_container":"yes","_padding":{"unit":"px","top":"0","right":"0","bottom":"0","left":"25","isLinked":false},"_border_border":"solid","_border_width":{"unit":"px","top":"0","right":"0","bottom":"0","left":"2","isLinked":false},"_border_color":"#5E6821","_border_radius":{"unit":"px","top":"0","right":"0","bottom":"0","left":"0","isLinked":false},"posts_per_page":5},"elements":[],"isInner":false,"widgetType":"article_widget","elType":"widget"}],"isInner":false,"elType":"column"}],"isInner":false,"elType":"section"},{"id":"4f803452","settings":[],"elements":[{"id":"1d709552","settings":{"_column_size":100,"_inline_size":null},"elements":[{"id":"1f0bb0eb","settings":{"text":"Divider","color":"#5E6821","weight":{"unit":"px","size":2,"sizes":[]},"__globals__":{"color":""}},"elements":[],"isInner":false,"widgetType":"divider","elType":"widget"}],"isInner":false,"elType":"column"}],"isInner":false,"elType":"section"},{"id":"679f7c50","settings":{"content_width":{"unit":"px","size":1600,"sizes":[]}},"elements":[{"id":"2902b801","settings":{"_column_size":100,"_inline_size":null},"elements":[{"id":"69533344","settings":{"title":"<h4 class=\"title\" style=\"font-weight: 700;, color: rgb(0, 0, 0); white-space-collapse: collapse;\">Most popular products<\/h4>"},"elements":[],"isInner":false,"widgetType":"heading","elType":"widget"},{"id":"266d92d","settings":[],"elements":[],"isInner":false,"widgetType":"spacer","elType":"widget"}],"isInner":false,"elType":"column"}],"isInner":false,"elType":"section"},{"id":"6481edc1","settings":{"content_width":{"unit":"px","size":2000,"sizes":[]},"layout":"full_width","stretch_section":"section-stretched"},"elements":[{"id":"38af0058","settings":{"_column_size":100,"_inline_size":null},"elements":[{"id":"6609160d","settings":{"posts_per_page":15,"is_slider":"yes","_element_width":"inherit","_element_custom_width":{"unit":"vw","size":78.048000000000002},"_element_vertical_align":"center","_element_custom_width_tablet":{"unit":"vw","size":"","sizes":[]},"_element_custom_width_mobile":{"unit":"vw","size":"","sizes":[]}},"elements":[],"isInner":false,"widgetType":"products_widget","elType":"widget"},{"id":"fb1b63","settings":[],"elements":[],"isInner":false,"widgetType":"spacer","elType":"widget"},{"id":"32939e17","settings":{"title":"<h4 class=\"title\" style=\"font-weight: 700; color: rgb(0, 0, 0); white-space-collapse: collapse;\"> Shopping by size<\/h4>","_margin":{"unit":"px","top":"0","right":"0","bottom":"0","left":"227","isLinked":false},"_element_width":"initial","_element_custom_width":{"unit":"%","size":100},"_element_vertical_align":"center"},"elements":[],"isInner":false,"widgetType":"heading","elType":"widget"},{"id":"3b89d385","settings":[],"elements":[],"isInner":false,"widgetType":"spacer","elType":"widget"},{"id":"76152101","settings":{"structure":"30","content_width":{"unit":"px","size":1600,"sizes":[]}},"elements":[{"id":"5b793eac","settings":{"_column_size":33,"_inline_size":null},"elements":[{"id":"4c0cadb8","settings":{"image":{"id":712,"url":"http:\/\/wp.local\/wp-content\/uploads\/2023\/08\/small.gif"},"css_filters_blur":{"unit":"px","size":0.40000000000000002,"sizes":[]},"css_filters_brightness":{"unit":"px","size":80,"sizes":[]},"css_filters_contrast":{"unit":"px","size":124,"sizes":[]},"_css_classes":"darken-image","width":{"unit":"%","size":100,"sizes":[]},"space":{"unit":"%","size":100,"sizes":[]},"height":{"unit":"px","size":600,"sizes":[]},"_element_width":"inherit","_element_custom_width":{"unit":"%","size":100,"sizes":[]},"_element_vertical_align":"center"},"elements":[],"isInner":false,"widgetType":"image","elType":"widget"},{"id":"51cea3f0","settings":{"editor":"<p class=\"sub-title\" style=\"color: #ffffff;\">1 - 2ft.<\/p>\n\n<h2 class=\"title\" style=\"font-weight: bold; color: #ffffff;\">Small plants<\/h2>\n<a style=\"font-weight: 700;font-size: 16px; color: white;\" href=\"http:\/\/wordpress.local\/\">Shop now<\/a>","_element_width":"initial","_element_custom_width":{"unit":"%","size":40.844999999999999},"_position":"absolute","_offset_x":{"size":10,"unit":"%"},"_offset_y":{"size":446.96899999999999,"unit":"px"},"_offset_x_none":{"size":155},"_offset_y_none":{"size":363},"_offset_x_tablet":{"unit":"%","size":"","sizes":[]},"_offset_x_mobile":{"unit":"%","size":"","sizes":[]}},"elements":[],"isInner":false,"widgetType":"text-editor","elType":"widget"}],"isInner":true,"elType":"column"},{"id":"725c92cc","settings":{"_column_size":33,"_inline_size":null},"elements":[{"id":"4162a5ac","settings":{"image":{"id":713,"url":"http:\/\/wp.local\/wp-content\/uploads\/2023\/08\/medium.gif"},"_css_classes":"darken-image","image_size":"medium_large","width":{"unit":"%","size":100,"sizes":[]},"space":{"unit":"%","size":100,"sizes":[]},"height":{"unit":"px","size":600,"sizes":[]},"_element_width":"inherit","_element_vertical_align":"center"},"elements":[],"isInner":false,"widgetType":"image","elType":"widget"},{"id":"1b9e7455","settings":{"editor":"<p class=\"sub-title\" style=\"color: #ffffff;\">2 - 4ft.<\/p>\n\n<h2 class=\"title\" style=\"font-weight: bold; color: #ffffff;\">Medium plants<\/h2>\n<a style=\"font-weight: 700;font-size: 16px; color: white;\" href=\"http:\/\/wordpress.local\/\">Shop now<\/a>","_element_width":"initial","_element_custom_width":{"unit":"%","size":50},"_position":"absolute","_offset_x":{"size":10,"unit":"%"},"_offset_y":{"size":445,"unit":"px"},"_offset_x_tablet":{"unit":"%","size":"","sizes":[]},"_offset_x_mobile":{"unit":"%","size":"","sizes":[]}},"elements":[],"isInner":false,"widgetType":"text-editor","elType":"widget"},{"id":"1c98ac85","settings":{"editor":"<p class=\"sub-title\" style=\"color: #ffffff;\">5+ ft.<\/p>\n\n<h2 class=\"title\" style=\"font-weight: 700;color: #ffffff;\">Large plants<\/h2>\n<a style=\"font-weight: 700;font-size: 16px; color: white;\" href=\"http:\/\/wordpress.local\/\">Shop now<\/a>","_element_width":"initial","_element_custom_width":{"unit":"%","size":49.337000000000003},"_position":"absolute","_offset_x":{"size":110,"unit":"%"},"_offset_y":{"size":454.93799999999999,"unit":"px"},"_offset_x_tablet":{"unit":"%","size":"","sizes":[]},"_offset_x_mobile":{"unit":"%","size":"","sizes":[]}},"elements":[],"isInner":false,"widgetType":"text-editor","elType":"widget"}],"isInner":true,"elType":"column"},{"id":"20b7c7b7","settings":{"_column_size":33,"_inline_size":null},"elements":[{"id":"3a11322a","settings":{"image":{"id":714,"url":"http:\/\/wp.local\/wp-content\/uploads\/2023\/08\/large.gif"},"_css_classes":"darken-image","width":{"unit":"%","size":100,"sizes":[]},"space":{"unit":"%","size":100,"sizes":[]},"height":{"unit":"px","size":600,"sizes":[]}},"elements":[],"isInner":false,"widgetType":"image","elType":"widget"}],"isInner":true,"elType":"column"}],"isInner":true,"elType":"section"}],"isInner":false,"elType":"column"}],"isInner":false,"elType":"section"},{"id":"14e435c7","settings":{"background_background":"classic","background_color":"#5E6821","padding":{"unit":"px","top":"0","right":"0","bottom":"700","left":"0","isLinked":false},"margin":{"unit":"px","top":"0","right":0,"bottom":"400","left":0,"isLinked":false},"layout":"full_width","content_width":{"unit":"px","size":1600,"sizes":[]},"stretch_section":"section-stretched"},"elements":[{"id":"29f74c7f","settings":{"_column_size":100,"_inline_size":null},"elements":[],"isInner":false,"elType":"column"}],"isInner":false,"elType":"section"},{"id":"31962542","settings":[],"elements":[{"id":"8c16f98","settings":{"_column_size":100,"_inline_size":null},"elements":[],"isInner":false,"elType":"column"}],"isInner":false,"elType":"section"},{"id":"303252ec","settings":{"content_position":"middle"},"elements":[{"id":"2671b6c","settings":{"_column_size":100,"_inline_size":null},"elements":[{"id":"ae28235","settings":{"editor":"<h1 style=\"margin: 0px 0px 20px; padding: 40px 0px; font-size: 68px; box-sizing: border-box; font-family: 'Noto Sans', sans-serif; text-decoration: none; font-weight: normal; width: 840px; color: #ffffff; font-style: normal; font-variant-ligatures: normal; font-variant-caps: normal; letter-spacing: normal; orphans: 2; text-align: start; text-indent: 0px; text-transform: none; widows: 2; word-spacing: 0px; -webkit-text-stroke-width: 0px; white-space: normal;\">Explore our <img style=\"display: inline;\" src=\"http:\/\/wp.local\/wp-content\/themes\/wordpress-theme-plants\/assets\/img\/title-images\/ps-top-min-1.png\" alt=\"img\" \/> extensive range of plants <img style=\"display: inline;\" src=\"http:\/\/wp.local\/wp-content\/themes\/wordpress-theme-plants\/assets\/img\/title-images\/ps-top-min-2.png\" alt=\"img\" \/>\u00a0for <img style=\"display: inline;\" src=\"http:\/\/wp.local\/wp-content\/themes\/wordpress-theme-plants\/assets\/img\/title-images\/ps-top-min-3.png\" alt=\"img\" \/> your \u00a0room.<\/h1>","_position":"absolute","_offset_x":{"size":-5,"unit":"px"},"_offset_y":{"size":-1037,"unit":"px"}},"elements":[],"isInner":false,"widgetType":"text-editor","elType":"widget"}],"isInner":false,"elType":"column"}],"isInner":false,"elType":"section"},{"id":"61b8cb1b","settings":{"content_position":"middle","structure":"20","z_index":1},"elements":[{"id":"60f311e6","settings":{"_column_size":50,"_inline_size":40},"elements":[{"id":"9b82934","settings":{"editor":"<div class=\"quotes\"><div class=\"quote-text\"><p><img src=\"&lt;?php echo THEME_IMG_URI ?&gt;\/svg\/quotes.svg\" alt=\"\" \/><\/p><p><img src=\"http:\/\/wordpress.local\/wp-content\/themes\/plants\/assets\/img\/svg\/quotes.svg\" alt=\"\" \/><img src=\"https:\/\/woodmart.xtemos.com\/plants\/wp-content\/uploads\/sites\/12\/2023\/05\/quotes.svg\" \/><strong><span style=\"color: #000000;\">I am so happy, my dear friend, so absorbed in the exquisite sense of mere existence.<\/span><\/strong><\/p><\/div><div class=\"quote-author display-flex gap\"><div class=\"avatar\"><img style=\"font-size: 16px;\" src=\"http:\/\/wordpress.local\/wp-content\/themes\/plants\/assets\/img\/size-banners\/avatar.png\" alt=\"\" \/><img src=\"&lt;?php echo THEME_IMG_URI ?&gt;\/size-banners\/avatar.png\" alt=\"\" \/><\/div><div class=\"quote-author-info\"><div class=\"quote-author-name\"><p class=\"title\"><span style=\"color: #000000;\">Jenny Wilson<\/span><\/p><\/div><div class=\"quote-author-position\"><p class=\"text\"><span style=\"color: #000000;\">Founder<\/span><\/p><\/div><\/div><\/div><\/div>","_element_width":"initial","_element_custom_width":{"unit":"%","size":100},"_offset_x":{"size":-6.9169999999999998,"unit":"px"},"_offset_y":{"size":-622.91700000000003,"unit":"px"},"_z_index":1,"_position":"absolute"},"elements":[],"isInner":false,"widgetType":"text-editor","elType":"widget"}],"isInner":false,"elType":"column"},{"id":"ed5c6c0","settings":{"_column_size":50,"_inline_size":60,"space_between_widgets":20,"html_tag":"div"},"elements":[{"id":"487c6663","settings":{"video_type":"vimeo","youtube_url":"https:\/\/www.youtube.com\/watch?v=XHOmBV4js_E","vimeo_url":"https:\/\/vimeo.com\/235215203","dailymotion_url":"https:\/\/www.dailymotion.com\/video\/x6tqhqb","aspect_ratio":"11","_element_width":"initial","_element_custom_width":{"unit":"%","size":89},"_position":"absolute","_offset_x":{"size":67,"unit":"px"},"_offset_y":{"size":-624,"unit":"px"},"_padding":{"unit":"px","top":"0","right":"0","bottom":"025","left":"0","isLinked":false}},"elements":[],"isInner":false,"widgetType":"video","elType":"widget"}],"isInner":false,"elType":"column"}],"isInner":false,"elType":"section"},{"id":"56370cf8","settings":{"structure":"20","content_position":"middle"},"elements":[{"id":"79a10211","settings":{"_column_size":50,"_inline_size":null},"elements":[{"id":"42030ac3","settings":{"title":"<h4 style=\"font-weight: 700; color: rgb(0, 0, 0); white-space-collapse: collapse;\">Exotic flowering plants<\/h4><p class=\"opacity-80\" style=\"color: rgb(0, 0, 0);\">Most popular products","_element_width":"inherit","_element_vertical_align":"center"},"elements":[],"isInner":false,"widgetType":"heading","elType":"widget"}],"isInner":false,"elType":"column"},{"id":"9532e18","settings":{"_column_size":50,"_inline_size":null,"align":"center","text_align":"right"},"elements":[{"id":"21e01baa","settings":{"text":"Shop All","link":{"url":"http:\/\/wp.local\/shop\/","is_external":"","nofollow":"","custom_attributes":""},"background_color":"#5E6821","text_padding":{"unit":"px","top":"5","right":"7","bottom":"5","left":"7","isLinked":false},"_element_width":"initial","_element_custom_width":{"unit":"%","size":100.182},"_offset_x":{"size":494,"unit":"px"},"_offset_y":{"size":66,"unit":"px"},"align":"right"},"elements":[],"isInner":false,"widgetType":"button","elType":"widget"}],"isInner":false,"elType":"column"}],"isInner":false,"elType":"section"},{"id":"19209931","settings":[],"elements":[{"id":"68eb3477","settings":{"_column_size":100,"_inline_size":null},"elements":[{"id":"6d78ce97","settings":{"text":"Divider","color":"#5E6821","weight":{"unit":"px","size":2,"sizes":[]},"__globals__":{"color":""},"align":"center"},"elements":[],"isInner":false,"widgetType":"divider","elType":"widget"},{"id":"997f68e","settings":{"add_to_container":"yes"},"elements":[],"isInner":false,"widgetType":"products_widget","elType":"widget"}],"isInner":false,"elType":"column"}],"isInner":false,"elType":"section"},{"id":"4e1525f5","settings":[],"elements":[{"id":"41ddaa39","settings":{"_column_size":100,"_inline_size":null},"elements":[{"id":"1095d88c","settings":[],"elements":[],"isInner":false,"widgetType":"spacer","elType":"widget"},{"id":"3246cbdd","settings":{"title":"<h4 style=\"font-weight: 700;color: rgb(0, 0, 0); white-space-collapse: collapse;\">Our articles<\/h4>","_element_width":"initial","_element_custom_width":{"unit":"%","size":98.608000000000004}},"elements":[],"isInner":false,"widgetType":"heading","elType":"widget"},{"id":"1b7faa68","settings":{"text":"Divider","color":"#5E6821","weight":{"unit":"px","size":2,"sizes":[]},"__globals__":{"color":""}},"elements":[],"isInner":false,"widgetType":"divider","elType":"widget"},{"id":"a1923ac","settings":[],"elements":[],"isInner":false,"widgetType":"article_widget","elType":"widget"}],"isInner":false,"elType":"column"}],"isInner":false,"elType":"section"},{"id":"48f423dc","settings":[],"elements":[{"id":"60f52c4d","settings":{"_column_size":100,"_inline_size":null},"elements":[{"id":"3dceb1d6","settings":[],"elements":[],"isInner":false,"widgetType":"spacer","elType":"widget"},{"id":"344ae812","settings":{"editor":"<h4 class=\"title\" style=\"font-weight: 700;color: #000000;\">View our instagram<\/h4>"},"elements":[],"isInner":false,"widgetType":"text-editor","elType":"widget"},{"id":"4836d251","settings":{"text":"Divider","color":"#5E6821","weight":{"unit":"px","size":2,"sizes":[]},"__globals__":{"color":""}},"elements":[],"isInner":false,"widgetType":"divider","elType":"widget"},{"id":"1406969e","settings":{"wp_gallery":[{"id":715,"url":"http:\/\/wp.local\/wp-content\/uploads\/2023\/08\/product-1691061211-373384803-1.png"},{"id":716,"url":"http:\/\/wp.local\/wp-content\/uploads\/2023\/08\/product-1691061199-920126944-1.png"},{"id":717,"url":"http:\/\/wp.local\/wp-content\/uploads\/2023\/08\/product-1691061222-1594448197-1.png"},{"id":718,"url":"http:\/\/wp.local\/wp-content\/uploads\/2023\/08\/product-1691061183-1606723853-1.png"},{"id":719,"url":"http:\/\/wp.local\/wp-content\/uploads\/2023\/08\/product-1691061196-2072399694-1.png"},{"id":720,"url":"http:\/\/wp.local\/wp-content\/uploads\/2023\/08\/product-1691061189-1413004368-1.png"}],"gallery_columns":"6","image_border_border":"none","_element_width":"initial","_element_custom_width":{"unit":"%","size":102.5}},"elements":[],"isInner":false,"widgetType":"image-gallery","elType":"widget"}],"isInner":false,"elType":"column"}],"isInner":false,"elType":"section"},{"id":"2cd48092","settings":{"content_width":{"unit":"px","size":1200,"sizes":[]}},"elements":[{"id":"41b2293d","settings":{"_column_size":100,"_inline_size":null},"elements":[{"id":"57ff465a","settings":{"space":{"unit":"px","size":100,"sizes":[]}},"elements":[],"isInner":false,"widgetType":"spacer","elType":"widget"}],"isInner":false,"elType":"column"}],"isInner":false,"elType":"section"}],"settings":{"template":"elementor_theme"},"metadata":[]}