{"content":[{"id":"30874a95","settings":{"structure":"20"},"elements":[{"id":"352eaf13","settings":{"_column_size":50,"_inline_size":null},"elements":[{"id":"18d15788","settings":{"editor":"<h3 style=\"text-align: left;\">Exotic<span style=\"white-space-collapse: preserve;\"> flowering plants<\/span><\/h3><h5 style=\"text-align: left;\"><span style=\"white-space-collapse: preserve;\">Most popular products<\/span><span style=\"white-space-collapse: preserve;\"><br \/><\/span><\/h5>","column_gap":{"unit":"px","size":0,"sizes":[]}},"elements":[],"isInner":false,"widgetType":"text-editor","elType":"widget"}],"isInner":false,"elType":"column"},{"id":"48ac0b23","settings":{"_column_size":50,"_inline_size":null,"content_position":"center","align":"flex-end"},"elements":[{"id":"59db5bbf","settings":{"text":"Shop All","link":{"url":"http:\/\/wp.local\/shop\/","is_external":"","nofollow":"","custom_attributes":""},"align":"right","size":"xs","icon_indent":{"unit":"px","size":0,"sizes":[]},"background_color":"#5E6821","text_padding":{"unit":"px","top":"5","right":"10","bottom":"5","left":"10","isLinked":false}},"elements":[],"isInner":false,"widgetType":"button","elType":"widget"}],"isInner":false,"elType":"column"}],"isInner":false,"elType":"section"}],"settings":{"template":"default"},"metadata":[]}