{"content":[{"id":"25b83a64","settings":[],"elements":[{"id":"7bafb636","settings":{"_column_size":100,"_inline_size":null},"elements":[{"id":"49f60569","settings":{"editor":"<h4><span style=\"color: #000000;\">Care Library<\/span><\/h4>"},"elements":[],"isInner":false,"widgetType":"text-editor","elType":"widget"}],"isInner":false,"elType":"column"}],"isInner":false,"elType":"section"},{"id":"3f1183b1","settings":{"structure":"20"},"elements":[{"id":"4f4c7664","settings":{"_column_size":50,"_inline_size":42.631999999999998},"elements":[{"id":"7ec04315","settings":{"editor":"<h2><span style=\"color: #242424;\">All necessary information on plant care.<\/span><\/h2>","_element_width":"initial","_element_custom_width":{"unit":"%","size":97.097999999999999}},"elements":[],"isInner":false,"widgetType":"text-editor","elType":"widget"}],"isInner":false,"elType":"column"},{"id":"4aaf1c02","settings":{"_column_size":50,"_inline_size":57.368000000000002},"elements":[{"id":"224846c0","settings":{"title":"Jump to widget"},"elements":[],"isInner":false,"widgetType":"heading","elType":"widget"}],"isInner":false,"elType":"column"}],"isInner":false,"elType":"section"}],"settings":{"template":"default"},"metadata":[]}