[{"term_id":162,"name":"categories","slug":"categories","taxonomy":"nav_menu","description":"","parent":0},{"term_id":168,"name":"header-menu","slug":"header-menu","taxonomy":"nav_menu","description":"","parent":0},{"term_id":173,"name":"test-menu","slug":"test-menu","taxonomy":"nav_menu","description":"","parent":0},{"term_id":282,"name":"Test2-menu","slug":"test2-menu","taxonomy":"nav_menu","description":"","parent":0},{"term_id":174,"name":"useful_links","slug":"useful_links","taxonomy":"nav_menu","description":"","parent":0}]