[{"term_id":15,"name":"Uncategorized","slug":"uncategorized","taxonomy":"product_cat","description":"","parent":0},{"term_id":175,"name":"Accessories","slug":"accessories","taxonomy":"product_cat","description":"","parent":0},{"term_id":123,"name":"Activity &amp; Sensory Tables","slug":"activity-sensory-tables","taxonomy":"product_cat","description":"","parent":0},{"term_id":142,"name":"All Activities &amp; Amusements","slug":"all-activities-amusements","taxonomy":"product_cat","description":"","parent":0},{"term_id":104,"name":"All Games","slug":"all-games","taxonomy":"product_cat","description":"","parent":0},{"term_id":51,"name":"All Hobbies","slug":"all-hobbies","taxonomy":"product_cat","description":"","parent":0},{"term_id":75,"name":"All Kids' Furniture &amp; Room D\u00e9cor","slug":"all-kids-furniture-room-decor","taxonomy":"product_cat","description":"","parent":0},{"term_id":65,"name":"All Party Supplies","slug":"all-party-supplies","taxonomy":"product_cat","description":"","parent":0},{"term_id":57,"name":"All Preschool","slug":"all-preschool","taxonomy":"product_cat","description":"","parent":0},{"term_id":37,"name":"All Pretend Play &amp; Dress-up","slug":"all-pretend-play-dress-up","taxonomy":"product_cat","description":"","parent":0},{"term_id":36,"name":"All Puzzles","slug":"all-puzzles","taxonomy":"product_cat","description":"","parent":0},{"term_id":176,"name":"All Stuffed Animals &amp; Toys","slug":"all-stuffed-animals-toys","taxonomy":"product_cat","description":"","parent":0},{"term_id":136,"name":"Audio &amp; Video Players","slug":"audio-video-players","taxonomy":"product_cat","description":"","parent":0},{"term_id":177,"name":"Backpacks &amp; Accessories","slug":"backpacks-accessories","taxonomy":"product_cat","description":"","parent":0},{"term_id":46,"name":"Bikes, Skates &amp; Ride-Ons","slug":"bikes-skates-ride-ons","taxonomy":"product_cat","description":"","parent":0},{"term_id":95,"name":"Cake Supplies","slug":"cake-supplies","taxonomy":"product_cat","description":"","parent":0},{"term_id":178,"name":"Checkers, Chess &amp; Backgammon","slug":"checkers-chess-backgammon","taxonomy":"product_cat","description":"","parent":0},{"term_id":124,"name":"Classic Games","slug":"classic-games","taxonomy":"product_cat","description":"","parent":0},{"term_id":179,"name":"Costumes","slug":"costumes","taxonomy":"product_cat","description":"","parent":0},{"term_id":180,"name":"Craft Kits","slug":"craft-kits","taxonomy":"product_cat","description":"","parent":0},{"term_id":132,"name":"Decorations","slug":"decorations","taxonomy":"product_cat","description":"","parent":0},{"term_id":181,"name":"Drawing &amp; Sketch Pads","slug":"drawing-sketch-pads","taxonomy":"product_cat","description":"","parent":0},{"term_id":182,"name":"Finger Toys","slug":"finger-toys","taxonomy":"product_cat","description":"","parent":0},{"term_id":183,"name":"Fitness Equipment","slug":"fitness-equipment","taxonomy":"product_cat","description":"","parent":0},{"term_id":184,"name":"Floor Puzzles","slug":"floor-puzzles","taxonomy":"product_cat","description":"","parent":0},{"term_id":106,"name":"Flying Toys","slug":"flying-toys","taxonomy":"product_cat","description":"","parent":0},{"term_id":185,"name":"Foam Puzzles","slug":"foam-puzzles","taxonomy":"product_cat","description":"","parent":0},{"term_id":186,"name":"Foreign Languages","slug":"foreign-languages","taxonomy":"product_cat","description":"","parent":0},{"term_id":187,"name":"Gags &amp; Practical Jokes","slug":"gags-practical-jokes","taxonomy":"product_cat","description":"","parent":0},{"term_id":188,"name":"Game Room Games","slug":"game-room-games","taxonomy":"product_cat","description":"","parent":0},{"term_id":189,"name":"Geography &amp; Globes","slug":"geography-globes","taxonomy":"product_cat","description":"","parent":0},{"term_id":45,"name":"Gymnastics","slug":"gymnastics","taxonomy":"product_cat","description":"","parent":0},{"term_id":190,"name":"Hobbies","slug":"hobbies","taxonomy":"product_cat","description":"","parent":0},{"term_id":94,"name":"Hobby Tools","slug":"hobby-tools","taxonomy":"product_cat","description":"","parent":0},{"term_id":74,"name":"Inflatable Toys","slug":"inflatable-toys","taxonomy":"product_cat","description":"","parent":0},{"term_id":191,"name":"Karaoke","slug":"karaoke","taxonomy":"product_cat","description":"","parent":0},{"term_id":83,"name":"Kids' Furniture &amp; Room D\u00e9cor","slug":"kids-furniture-room-decor","taxonomy":"product_cat","description":"","parent":0},{"term_id":71,"name":"Kites &amp; Wind Spinners","slug":"kites-wind-spinners","taxonomy":"product_cat","description":"","parent":0},{"term_id":192,"name":"Lawn Games","slug":"lawn-games","taxonomy":"product_cat","description":"","parent":0},{"term_id":193,"name":"Learning &amp; Education","slug":"learning-education","taxonomy":"product_cat","description":"","parent":0},{"term_id":194,"name":"Learning &amp; Exploration","slug":"learning-exploration","taxonomy":"product_cat","description":"","parent":0},{"term_id":138,"name":"Miniature Figures","slug":"miniature-figures","taxonomy":"product_cat","description":"","parent":0},{"term_id":195,"name":"Movie &amp; TV","slug":"movie-tv","taxonomy":"product_cat","description":"","parent":0},{"term_id":152,"name":"Music","slug":"music","taxonomy":"product_cat","description":"","parent":0},{"term_id":157,"name":"Nesting Dolls","slug":"nesting-dolls","taxonomy":"product_cat","description":"","parent":0},{"term_id":137,"name":"Noisemakers","slug":"noisemakers","taxonomy":"product_cat","description":"","parent":0},{"term_id":27,"name":"Party Packs","slug":"party-packs","taxonomy":"product_cat","description":"","parent":0},{"term_id":64,"name":"Party Supplies","slug":"party-supplies","taxonomy":"product_cat","description":"","parent":0},{"term_id":82,"name":"Playhouses","slug":"playhouses","taxonomy":"product_cat","description":"","parent":0},{"term_id":16,"name":"Playsets","slug":"playsets","taxonomy":"product_cat","description":"","parent":0},{"term_id":150,"name":"Plug &amp; Play Video Games","slug":"plug-play-video-games","taxonomy":"product_cat","description":"","parent":0},{"term_id":196,"name":"Political Figures","slug":"political-figures","taxonomy":"product_cat","description":"","parent":0},{"term_id":197,"name":"Pre-Kindergarten Toys","slug":"pre-kindergarten-toys","taxonomy":"product_cat","description":"","parent":0},{"term_id":198,"name":"Radio Control","slug":"radio-control","taxonomy":"product_cat","description":"","parent":0},{"term_id":151,"name":"Rag Dolls","slug":"rag-dolls","taxonomy":"product_cat","description":"","parent":0},{"term_id":72,"name":"Ride-On Toys","slug":"ride-on-toys","taxonomy":"product_cat","description":"","parent":0},{"term_id":26,"name":"Science","slug":"science","taxonomy":"product_cat","description":"","parent":0},{"term_id":199,"name":"Science Fiction &amp; Fantasy Figures","slug":"science-fiction-fantasy-figures","taxonomy":"product_cat","description":"","parent":0},{"term_id":105,"name":"Scissors","slug":"scissors","taxonomy":"product_cat","description":"","parent":0},{"term_id":17,"name":"Snow Sports","slug":"snow-sports","taxonomy":"product_cat","description":"","parent":0},{"term_id":200,"name":"Sports &amp; Outdoor Play","slug":"sports-outdoor-play","taxonomy":"product_cat","description":"","parent":0},{"term_id":131,"name":"Sports Figures","slug":"sports-figures","taxonomy":"product_cat","description":"","parent":0},{"term_id":201,"name":"Storage &amp; Accessories","slug":"storage-accessories","taxonomy":"product_cat","description":"","parent":0},{"term_id":81,"name":"Stuffed Animals &amp; Toys","slug":"stuffed-animals-toys","taxonomy":"product_cat","description":"","parent":0},{"term_id":93,"name":"Tables","slug":"tables","taxonomy":"product_cat","description":"","parent":0},{"term_id":202,"name":"Tableware","slug":"tableware","taxonomy":"product_cat","description":"","parent":0},{"term_id":203,"name":"Toy Balls","slug":"toy-balls","taxonomy":"product_cat","description":"","parent":0},{"term_id":204,"name":"Trains","slug":"trains","taxonomy":"product_cat","description":"","parent":0},{"term_id":205,"name":"Trains &amp; Railway Sets","slug":"trains-railway-sets","taxonomy":"product_cat","description":"","parent":0},{"term_id":33,"name":"Vehicle Playsets","slug":"vehicle-playsets","taxonomy":"product_cat","description":"","parent":0},{"term_id":44,"name":"Watches","slug":"watches","taxonomy":"product_cat","description":"","parent":0}]