{"content":[{"id":"3f795256","settings":[],"elements":[{"id":"2a1e80c9","settings":{"_column_size":100,"_inline_size":null},"elements":[{"id":"60df40bf","settings":{"editor":"<h4><span style=\"color: #000000;\">Care Library<\/span><\/h4>"},"elements":[],"isInner":false,"widgetType":"text-editor","elType":"widget"}],"isInner":false,"elType":"column"}],"isInner":false,"elType":"section"},{"id":"4b4f8f4a","settings":{"structure":"20"},"elements":[{"id":"2a95592c","settings":{"_column_size":50,"_inline_size":42.631999999999998},"elements":[{"id":"6dc9afe8","settings":{"editor":"<h2><span style=\"color: #242424;\">All necessary information on plant care.<\/span><\/h2>","_element_width":"initial","_element_custom_width":{"unit":"%","size":97.097999999999999}},"elements":[],"isInner":false,"widgetType":"text-editor","elType":"widget"}],"isInner":false,"elType":"column"},{"id":"7d414495","settings":{"_column_size":50,"_inline_size":57.368000000000002},"elements":[{"id":"40530811","settings":{"title":"Jump to widget"},"elements":[],"isInner":false,"widgetType":"heading","elType":"widget"}],"isInner":false,"elType":"column"}],"isInner":false,"elType":"section"}],"settings":{"template":"default"},"metadata":[]}