{"content":[{"id":"746fbe77","settings":[],"elements":[{"id":"dfcb2fc","settings":{"_column_size":100,"_inline_size":null},"elements":[{"id":"547dd24b","settings":{"editor":"<h4><span style=\"color: #000000;\">Delivery &amp; Return<\/span><\/h4>"},"elements":[],"isInner":false,"widgetType":"text-editor","elType":"widget"}],"isInner":false,"elType":"column"}],"isInner":false,"elType":"section"},{"id":"7ae7a39f","settings":{"structure":"20"},"elements":[{"id":"6a900cee","settings":{"_column_size":50,"_inline_size":54.560000000000002},"elements":[{"id":"650bffab","settings":{"editor":"<h1><span style=\"white-space-collapse: preserve; color: #000000;\">Delivery options overview<\/span><\/h1>"},"elements":[],"isInner":false,"widgetType":"text-editor","elType":"widget"},{"id":"fabec9c","settings":{"editor":"<p><span style=\"white-space-collapse: preserve;\">WoodMart offers ideal shipping methods for any requirement. Be it low priced through DHL\/Standard Parcel Post, more quickly via DHL Express (Germany only) or UPS, or especially reliable and secure by a specifically trained freight forwarder. And in addition you can also pick up your order yourself at our Shop if you prefer. On this page you\u00b4ll find an overview of all available shipping methods.<\/span><\/p>"},"elements":[],"isInner":false,"widgetType":"text-editor","elType":"widget"},{"id":"5b409fe5","settings":{"text":"Divider","color":"#5E6821","weight":{"unit":"px","size":2,"sizes":[]},"gap":{"unit":"px","size":2,"sizes":[]}},"elements":[],"isInner":false,"widgetType":"divider","elType":"widget"},{"id":"127f35ac","settings":{"editor":"<h4><span style=\"white-space-collapse: preserve; color: #000000;\">1. Order the product and specify the delivery method<\/span><\/h4>"},"elements":[],"isInner":false,"widgetType":"text-editor","elType":"widget"},{"id":"39b7fcff","settings":{"text":"Divider","color":"#5E6821","weight":{"unit":"px","size":2,"sizes":[]},"gap":{"unit":"px","size":2,"sizes":[]}},"elements":[],"isInner":false,"widgetType":"divider","elType":"widget"},{"id":"232aee9","settings":{"editor":"<h4><span style=\"white-space-collapse: preserve; color: #000000;\">2. You will receive an order confirmation message<\/span><\/h4>"},"elements":[],"isInner":false,"widgetType":"text-editor","elType":"widget"},{"id":"7a99bd4d","settings":{"text":"Divider","color":"#5E6821","weight":{"unit":"px","size":2,"sizes":[]},"gap":{"unit":"px","size":2,"sizes":[]}},"elements":[],"isInner":false,"widgetType":"divider","elType":"widget"},{"id":"10433325","settings":{"editor":"<h4><span style=\"white-space-collapse: preserve; color: #000000;\">3. Wait for your order to arrive<\/span><\/h4>"},"elements":[],"isInner":false,"widgetType":"text-editor","elType":"widget"},{"id":"498dbdc3","settings":{"text":"Divider","color":"#5E6821","weight":{"unit":"px","size":2,"sizes":[]},"gap":{"unit":"px","size":5,"sizes":[]}},"elements":[],"isInner":false,"widgetType":"divider","elType":"widget"},{"id":"7ef1d025","settings":{"editor":"<h4><span style=\"color: #000000;\">4. Pick up your order at the checkout area<\/span><\/h4>"},"elements":[],"isInner":false,"widgetType":"text-editor","elType":"widget"},{"id":"63303ffe","settings":{"text":"Divider","color":"#5E6821","weight":{"unit":"px","size":2,"sizes":[]},"gap":{"unit":"px","size":2,"sizes":[]}},"elements":[],"isInner":false,"widgetType":"divider","elType":"widget"}],"isInner":false,"elType":"column"},{"id":"534b22d6","settings":{"_column_size":50,"_inline_size":45.353999999999999},"elements":[{"id":"1073e161","settings":{"image":{"url":"http:\/\/wp.local\/wp-content\/uploads\/2023\/08\/Right.png","id":647,"size":"","alt":"","source":"library"},"image_size":"medium_large","width":{"unit":"%","size":100,"sizes":[]},"_element_width":"initial","_element_custom_width":{"unit":"%","size":100.202}},"elements":[],"isInner":false,"widgetType":"image","elType":"widget"}],"isInner":false,"elType":"column"}],"isInner":false,"elType":"section"},{"id":"a8f7b90","settings":[],"elements":[{"id":"5ce0e59","settings":{"_column_size":100,"_inline_size":null},"elements":[{"id":"4147e810","settings":{"editor":"<h2><span style=\"white-space-collapse: preserve; color: #000000;\">FAQs<\/span><\/h2>"},"elements":[],"isInner":false,"widgetType":"text-editor","elType":"widget"},{"id":"53377fc9","settings":{"text":"Divider","color":"#5E6821","weight":{"unit":"px","size":2,"sizes":[]},"gap":{"unit":"px","size":2,"sizes":[]}},"elements":[],"isInner":false,"widgetType":"divider","elType":"widget"},{"id":"62a1ec55","settings":{"tabs":[{"tab_title":"Toggle #1","tab_content":"Lorem ipsum dolor sit amet, consectetur adipiscing elit. Ut elit tellus, luctus nec ullamcorper mattis, pulvinar dapibus leo.","_id":"99ea64d"},{"tab_title":"Toggle #2","tab_content":"Lorem ipsum dolor sit amet, consectetur adipiscing elit. Ut elit tellus, luctus nec ullamcorper mattis, pulvinar dapibus leo.","_id":"bb30f0c"}],"faq_schema":"yes","border_color":"#000000"},"elements":[],"isInner":false,"widgetType":"toggle","elType":"widget"}],"isInner":false,"elType":"column"}],"isInner":false,"elType":"section"},{"id":"78d5d907","settings":[],"elements":[{"id":"7768c527","settings":{"_column_size":100,"_inline_size":null},"elements":[],"isInner":false,"elType":"column"}],"isInner":false,"elType":"section"}],"settings":{"template":"default"},"metadata":[]}