[{"term_id":162,"name":"categories","slug":"categories","taxonomy":"nav_menu","description":"","parent":0},{"term_id":284,"name":"categories duplicate","slug":"categories-duplicate","taxonomy":"nav_menu","description":"","parent":0},{"term_id":168,"name":"header-menu","slug":"header-menu","taxonomy":"nav_menu","description":"","parent":0},{"term_id":285,"name":"header-menu duplicate","slug":"header-menu-duplicate","taxonomy":"nav_menu","description":"","parent":0},{"term_id":173,"name":"test-menu","slug":"test-menu","taxonomy":"nav_menu","description":"","parent":0},{"term_id":286,"name":"test-menu duplicate","slug":"test-menu-duplicate","taxonomy":"nav_menu","description":"","parent":0},{"term_id":282,"name":"Test2-menu","slug":"test2-menu","taxonomy":"nav_menu","description":"","parent":0},{"term_id":287,"name":"Test2-menu duplicate","slug":"test2-menu-duplicate","taxonomy":"nav_menu","description":"","parent":0},{"term_id":174,"name":"useful_links","slug":"useful_links","taxonomy":"nav_menu","description":"","parent":0},{"term_id":288,"name":"useful_links duplicate","slug":"useful_links-duplicate","taxonomy":"nav_menu","description":"","parent":0}]