[{"term_id":206,"name":"2006","slug":"2006","taxonomy":"product_tag","description":"","parent":0},{"term_id":50,"name":"a","slug":"a","taxonomy":"product_tag","description":"","parent":0},{"term_id":96,"name":"ACME","slug":"acme","taxonomy":"product_tag","description":"","parent":0},{"term_id":207,"name":"act","slug":"act","taxonomy":"product_tag","description":"","parent":0},{"term_id":208,"name":"again","slug":"again","taxonomy":"product_tag","description":"","parent":0},{"term_id":209,"name":"Album","slug":"album","taxonomy":"product_tag","description":"","parent":0},{"term_id":210,"name":"Alderaanp","slug":"alderaanp","taxonomy":"product_tag","description":"","parent":0},{"term_id":67,"name":"aliquappTheres","slug":"aliquapptheres","taxonomy":"product_tag","description":"","parent":0},{"term_id":23,"name":"an","slug":"an","taxonomy":"product_tag","description":"","parent":0},{"term_id":211,"name":"and","slug":"and","taxonomy":"product_tag","description":"","parent":0},{"term_id":212,"name":"Apple","slug":"apple","taxonomy":"product_tag","description":"","parent":0},{"term_id":54,"name":"are","slug":"are","taxonomy":"product_tag","description":"","parent":0},{"term_id":146,"name":"as","slug":"as","taxonomy":"product_tag","description":"","parent":0},{"term_id":28,"name":"Banana","slug":"banana","taxonomy":"product_tag","description":"","parent":0},{"term_id":213,"name":"be","slug":"be","taxonomy":"product_tag","description":"","parent":0},{"term_id":214,"name":"Bikini","slug":"bikini","taxonomy":"product_tag","description":"","parent":0},{"term_id":215,"name":"Black","slug":"black","taxonomy":"product_tag","description":"","parent":0},{"term_id":216,"name":"Blender","slug":"blender","taxonomy":"product_tag","description":"","parent":0},{"term_id":98,"name":"blow","slug":"blow","taxonomy":"product_tag","description":"","parent":0},{"term_id":217,"name":"Book","slug":"book","taxonomy":"product_tag","description":"","parent":0},{"term_id":218,"name":"Brass","slug":"brass","taxonomy":"product_tag","description":"","parent":0},{"term_id":159,"name":"Brown","slug":"brown","taxonomy":"product_tag","description":"","parent":0},{"term_id":128,"name":"business","slug":"business","taxonomy":"product_tag","description":"","parent":0},{"term_id":55,"name":"by","slug":"by","taxonomy":"product_tag","description":"","parent":0},{"term_id":48,"name":"called","slug":"called","taxonomy":"product_tag","description":"","parent":0},{"term_id":107,"name":"Car","slug":"car","taxonomy":"product_tag","description":"","parent":0},{"term_id":219,"name":"Card","slug":"card","taxonomy":"product_tag","description":"","parent":0},{"term_id":139,"name":"Carrot","slug":"carrot","taxonomy":"product_tag","description":"","parent":0},{"term_id":220,"name":"CD","slug":"cd","taxonomy":"product_tag","description":"","parent":0},{"term_id":221,"name":"Chair","slug":"chair","taxonomy":"product_tag","description":"","parent":0},{"term_id":19,"name":"Cleaner","slug":"cleaner","taxonomy":"product_tag","description":"","parent":0},{"term_id":222,"name":"Cola","slug":"cola","taxonomy":"product_tag","description":"","parent":0},{"term_id":223,"name":"come","slug":"come","taxonomy":"product_tag","description":"","parent":0},{"term_id":224,"name":"commodi","slug":"commodi","taxonomy":"product_tag","description":"","parent":0},{"term_id":66,"name":"Cooler","slug":"cooler","taxonomy":"product_tag","description":"","parent":0},{"term_id":108,"name":"courage","slug":"courage","taxonomy":"product_tag","description":"","parent":0},{"term_id":127,"name":"delectusp","slug":"delectusp","taxonomy":"product_tag","description":"","parent":0},{"term_id":58,"name":"Doll","slug":"doll","taxonomy":"product_tag","description":"","parent":0},{"term_id":225,"name":"dolore","slug":"dolore","taxonomy":"product_tag","description":"","parent":0},{"term_id":88,"name":"dolores","slug":"dolores","taxonomy":"product_tag","description":"","parent":0},{"term_id":226,"name":"Dress","slug":"dress","taxonomy":"product_tag","description":"","parent":0},{"term_id":227,"name":"ea","slug":"ea","taxonomy":"product_tag","description":"","parent":0},{"term_id":228,"name":"eats","slug":"eats","taxonomy":"product_tag","description":"","parent":0},{"term_id":30,"name":"et","slug":"et","taxonomy":"product_tag","description":"","parent":0},{"term_id":87,"name":"excepturi","slug":"excepturi","taxonomy":"product_tag","description":"","parent":0},{"term_id":24,"name":"fightppiPhone","slug":"fightppiphone","taxonomy":"product_tag","description":"","parent":0},{"term_id":29,"name":"Fish","slug":"fish","taxonomy":"product_tag","description":"","parent":0},{"term_id":229,"name":"FooppNisi","slug":"fooppnisi","taxonomy":"product_tag","description":"","parent":0},{"term_id":42,"name":"Force","slug":"force","taxonomy":"product_tag","description":"","parent":0},{"term_id":21,"name":"go","slug":"go","taxonomy":"product_tag","description":"","parent":0},{"term_id":52,"name":"Gold","slug":"gold","taxonomy":"product_tag","description":"","parent":0},{"term_id":230,"name":"grapes","slug":"grapes","taxonomy":"product_tag","description":"","parent":0},{"term_id":85,"name":"Green","slug":"green","taxonomy":"product_tag","description":"","parent":0},{"term_id":231,"name":"GSM","slug":"gsm","taxonomy":"product_tag","description":"","parent":0},{"term_id":158,"name":"Gun","slug":"gun","taxonomy":"product_tag","description":"","parent":0},{"term_id":232,"name":"had","slug":"had","taxonomy":"product_tag","description":"","parent":0},{"term_id":47,"name":"Hair","slug":"hair","taxonomy":"product_tag","description":"","parent":0},{"term_id":38,"name":"HDMI","slug":"hdmi","taxonomy":"product_tag","description":"","parent":0},{"term_id":110,"name":"HighnessppA","slug":"highnessppa","taxonomy":"product_tag","description":"","parent":0},{"term_id":233,"name":"Hot","slug":"hot","taxonomy":"product_tag","description":"","parent":0},{"term_id":234,"name":"Identity","slug":"identity","taxonomy":"product_tag","description":"","parent":0},{"term_id":160,"name":"if","slug":"if","taxonomy":"product_tag","description":"","parent":0},{"term_id":235,"name":"important","slug":"important","taxonomy":"product_tag","description":"","parent":0},{"term_id":145,"name":"in","slug":"in","taxonomy":"product_tag","description":"","parent":0},{"term_id":134,"name":"including","slug":"including","taxonomy":"product_tag","description":"","parent":0},{"term_id":236,"name":"ingredient","slug":"ingredient","taxonomy":"product_tag","description":"","parent":0},{"term_id":237,"name":"International","slug":"international","taxonomy":"product_tag","description":"","parent":0},{"term_id":126,"name":"Internet","slug":"internet","taxonomy":"product_tag","description":"","parent":0},{"term_id":60,"name":"iPhone","slug":"iphone","taxonomy":"product_tag","description":"","parent":0},{"term_id":238,"name":"Ipsum","slug":"ipsum","taxonomy":"product_tag","description":"","parent":0},{"term_id":32,"name":"is","slug":"is","taxonomy":"product_tag","description":"","parent":0},{"term_id":147,"name":"it","slug":"it","taxonomy":"product_tag","description":"","parent":0},{"term_id":97,"name":"iure","slug":"iure","taxonomy":"product_tag","description":"","parent":0},{"term_id":133,"name":"Juice","slug":"juice","taxonomy":"product_tag","description":"","parent":0},{"term_id":41,"name":"just","slug":"just","taxonomy":"product_tag","description":"","parent":0},{"term_id":239,"name":"Knife","slug":"knife","taxonomy":"product_tag","description":"","parent":0},{"term_id":62,"name":"lets","slug":"lets","taxonomy":"product_tag","description":"","parent":0},{"term_id":43,"name":"like","slug":"like","taxonomy":"product_tag","description":"","parent":0},{"term_id":240,"name":"Lime","slug":"lime","taxonomy":"product_tag","description":"","parent":0},{"term_id":241,"name":"Looney","slug":"looney","taxonomy":"product_tag","description":"","parent":0},{"term_id":22,"name":"looting","slug":"looting","taxonomy":"product_tag","description":"","parent":0},{"term_id":18,"name":"Mac","slug":"mac","taxonomy":"product_tag","description":"","parent":0},{"term_id":70,"name":"magna","slug":"magna","taxonomy":"product_tag","description":"","parent":0},{"term_id":69,"name":"market","slug":"market","taxonomy":"product_tag","description":"","parent":0},{"term_id":242,"name":"May","slug":"may","taxonomy":"product_tag","description":"","parent":0},{"term_id":135,"name":"maybe","slug":"maybe","taxonomy":"product_tag","description":"","parent":0},{"term_id":68,"name":"me","slug":"me","taxonomy":"product_tag","description":"","parent":0},{"term_id":243,"name":"meanppSupreme","slug":"meanppsupreme","taxonomy":"product_tag","description":"","parent":0},{"term_id":244,"name":"Meat","slug":"meat","taxonomy":"product_tag","description":"","parent":0},{"term_id":245,"name":"mercy","slug":"mercy","taxonomy":"product_tag","description":"","parent":0},{"term_id":246,"name":"merely","slug":"merely","taxonomy":"product_tag","description":"","parent":0},{"term_id":34,"name":"Mixer","slug":"mixer","taxonomy":"product_tag","description":"","parent":0},{"term_id":89,"name":"molestias","slug":"molestias","taxonomy":"product_tag","description":"","parent":0},{"term_id":86,"name":"Moustache","slug":"moustache","taxonomy":"product_tag","description":"","parent":0},{"term_id":35,"name":"Ni","slug":"ni","taxonomy":"product_tag","description":"","parent":0},{"term_id":56,"name":"not","slug":"not","taxonomy":"product_tag","description":"","parent":0},{"term_id":247,"name":"nowadays","slug":"nowadays","taxonomy":"product_tag","description":"","parent":0},{"term_id":248,"name":"numberp","slug":"numberp","taxonomy":"product_tag","description":"","parent":0},{"term_id":53,"name":"of","slug":"of","taxonomy":"product_tag","description":"","parent":0},{"term_id":120,"name":"on","slug":"on","taxonomy":"product_tag","description":"","parent":0},{"term_id":25,"name":"order","slug":"order","taxonomy":"product_tag","description":"","parent":0},{"term_id":141,"name":"pAs","slug":"pas","taxonomy":"product_tag","description":"","parent":0},{"term_id":249,"name":"Peanutsp","slug":"peanutsp","taxonomy":"product_tag","description":"","parent":0},{"term_id":250,"name":"Perl","slug":"perl","taxonomy":"product_tag","description":"","parent":0},{"term_id":251,"name":"Pink","slug":"pink","taxonomy":"product_tag","description":"","parent":0},{"term_id":252,"name":"plants","slug":"plants","taxonomy":"product_tag","description":"","parent":0},{"term_id":253,"name":"Plastic","slug":"plastic","taxonomy":"product_tag","description":"","parent":0},{"term_id":63,"name":"pOn","slug":"pon","taxonomy":"product_tag","description":"","parent":0},{"term_id":254,"name":"potato","slug":"potato","taxonomy":"product_tag","description":"","parent":0},{"term_id":255,"name":"pppEscape","slug":"pppescape","taxonomy":"product_tag","description":"","parent":0},{"term_id":154,"name":"Prince","slug":"prince","taxonomy":"product_tag","description":"","parent":0},{"term_id":256,"name":"Pro","slug":"pro","taxonomy":"product_tag","description":"","parent":0},{"term_id":77,"name":"product","slug":"product","taxonomy":"product_tag","description":"","parent":0},{"term_id":20,"name":"progen","slug":"progen","taxonomy":"product_tag","description":"","parent":0},{"term_id":121,"name":"purposes","slug":"purposes","taxonomy":"product_tag","description":"","parent":0},{"term_id":257,"name":"pWile","slug":"pwile","taxonomy":"product_tag","description":"","parent":0},{"term_id":90,"name":"quas","slug":"quas","taxonomy":"product_tag","description":"","parent":0},{"term_id":258,"name":"raw","slug":"raw","taxonomy":"product_tag","description":"","parent":0},{"term_id":259,"name":"Rebel","slug":"rebel","taxonomy":"product_tag","description":"","parent":0},{"term_id":260,"name":"Refrigerator","slug":"refrigerator","taxonomy":"product_tag","description":"","parent":0},{"term_id":143,"name":"Samsung","slug":"samsung","taxonomy":"product_tag","description":"","parent":0},{"term_id":261,"name":"Seat","slug":"seat","taxonomy":"product_tag","description":"","parent":0},{"term_id":148,"name":"see","slug":"see","taxonomy":"product_tag","description":"","parent":0},{"term_id":262,"name":"Shampoo","slug":"shampoo","taxonomy":"product_tag","description":"","parent":0},{"term_id":263,"name":"Shower","slug":"shower","taxonomy":"product_tag","description":"","parent":0},{"term_id":264,"name":"shut","slug":"shut","taxonomy":"product_tag","description":"","parent":0},{"term_id":119,"name":"Silver","slug":"silver","taxonomy":"product_tag","description":"","parent":0},{"term_id":78,"name":"skin","slug":"skin","taxonomy":"product_tag","description":"","parent":0},{"term_id":265,"name":"smartphones","slug":"smartphones","taxonomy":"product_tag","description":"","parent":0},{"term_id":73,"name":"Smoothie","slug":"smoothie","taxonomy":"product_tag","description":"","parent":0},{"term_id":266,"name":"some","slug":"some","taxonomy":"product_tag","description":"","parent":0},{"term_id":76,"name":"Soy","slug":"soy","taxonomy":"product_tag","description":"","parent":0},{"term_id":161,"name":"stemcells","slug":"stemcells","taxonomy":"product_tag","description":"","parent":0},{"term_id":39,"name":"story","slug":"story","taxonomy":"product_tag","description":"","parent":0},{"term_id":59,"name":"Strawberry","slug":"strawberry","taxonomy":"product_tag","description":"","parent":0},{"term_id":267,"name":"suit","slug":"suit","taxonomy":"product_tag","description":"","parent":0},{"term_id":268,"name":"system","slug":"system","taxonomy":"product_tag","description":"","parent":0},{"term_id":269,"name":"Table","slug":"table","taxonomy":"product_tag","description":"","parent":0},{"term_id":270,"name":"take","slug":"take","taxonomy":"product_tag","description":"","parent":0},{"term_id":122,"name":"that","slug":"that","taxonomy":"product_tag","description":"","parent":0},{"term_id":40,"name":"the","slug":"the","taxonomy":"product_tag","description":"","parent":0},{"term_id":61,"name":"therep","slug":"therep","taxonomy":"product_tag","description":"","parent":0},{"term_id":79,"name":"this","slug":"this","taxonomy":"product_tag","description":"","parent":0},{"term_id":144,"name":"thoughts","slug":"thoughts","taxonomy":"product_tag","description":"","parent":0},{"term_id":271,"name":"time","slug":"time","taxonomy":"product_tag","description":"","parent":0},{"term_id":272,"name":"timeppIts","slug":"timeppits","taxonomy":"product_tag","description":"","parent":0},{"term_id":109,"name":"to","slug":"to","taxonomy":"product_tag","description":"","parent":0},{"term_id":273,"name":"Tomato","slug":"tomato","taxonomy":"product_tag","description":"","parent":0},{"term_id":274,"name":"up","slug":"up","taxonomy":"product_tag","description":"","parent":0},{"term_id":275,"name":"upppShe","slug":"upppshe","taxonomy":"product_tag","description":"","parent":0},{"term_id":276,"name":"US","slug":"us","taxonomy":"product_tag","description":"","parent":0},{"term_id":156,"name":"users","slug":"users","taxonomy":"product_tag","description":"","parent":0},{"term_id":80,"name":"ut","slug":"ut","taxonomy":"product_tag","description":"","parent":0},{"term_id":277,"name":"vel","slug":"vel","taxonomy":"product_tag","description":"","parent":0},{"term_id":99,"name":"velit","slug":"velit","taxonomy":"product_tag","description":"","parent":0},{"term_id":153,"name":"Washer","slug":"washer","taxonomy":"product_tag","description":"","parent":0},{"term_id":84,"name":"Water","slug":"water","taxonomy":"product_tag","description":"","parent":0},{"term_id":278,"name":"ways","slug":"ways","taxonomy":"product_tag","description":"","parent":0},{"term_id":279,"name":"WCDMA","slug":"wcdma","taxonomy":"product_tag","description":"","parent":0},{"term_id":125,"name":"Wet","slug":"wet","taxonomy":"product_tag","description":"","parent":0},{"term_id":280,"name":"WhatppBasic","slug":"whatppbasic","taxonomy":"product_tag","description":"","parent":0},{"term_id":140,"name":"wishp","slug":"wishp","taxonomy":"product_tag","description":"","parent":0},{"term_id":155,"name":"with","slug":"with","taxonomy":"product_tag","description":"","parent":0},{"term_id":281,"name":"Wood","slug":"wood","taxonomy":"product_tag","description":"","parent":0},{"term_id":49,"name":"you","slug":"you","taxonomy":"product_tag","description":"","parent":0},{"term_id":31,"name":"your","slug":"your","taxonomy":"product_tag","description":"","parent":0}]