[{"term_id":169,"name":"Banner","slug":"banner","taxonomy":"category","description":"Choise few articles to the banner","parent":0},{"term_id":166,"name":"Gift ideas","slug":"gift-ideas","taxonomy":"category","description":"","parent":0},{"term_id":167,"name":"Pet friendly","slug":"pet-friendly","taxonomy":"category","description":"","parent":0},{"term_id":165,"name":"Plant care","slug":"plant-care","taxonomy":"category","description":"","parent":0},{"term_id":164,"name":"Planters","slug":"planters","taxonomy":"category","description":"","parent":0},{"term_id":163,"name":"Plants","slug":"plants","taxonomy":"category","description":"","parent":0},{"term_id":170,"name":"size-banners","slug":"size-banners","taxonomy":"category","description":"","parent":0},{"term_id":1,"name":"Uncategorized","slug":"uncategorized","taxonomy":"category","description":"","parent":0}]