[{"term_id":162,"name":"categories","slug":"categories","taxonomy":"nav_menu","description":"","parent":0},{"term_id":171,"name":"categories duplicate","slug":"categories-duplicate","taxonomy":"nav_menu","description":"","parent":0},{"term_id":168,"name":"header-menu","slug":"header-menu","taxonomy":"nav_menu","description":"","parent":0},{"term_id":172,"name":"header-menu duplicate","slug":"header-menu-duplicate","taxonomy":"nav_menu","description":"","parent":0},{"term_id":173,"name":"test-menu","slug":"test-menu","taxonomy":"nav_menu","description":"","parent":0},{"term_id":174,"name":"useful_links","slug":"useful_links","taxonomy":"nav_menu","description":"","parent":0}]