[{"term_id":101,"name":"black","slug":"black","taxonomy":"pa_color","description":"","parent":0},{"term_id":91,"name":"blue","slug":"blue","taxonomy":"pa_color","description":"","parent":0},{"term_id":117,"name":"brown","slug":"brown","taxonomy":"pa_color","description":"","parent":0},{"term_id":102,"name":"green","slug":"green","taxonomy":"pa_color","description":"","parent":0},{"term_id":118,"name":"mint","slug":"mint","taxonomy":"pa_color","description":"","parent":0},{"term_id":130,"name":"orange","slug":"orange","taxonomy":"pa_color","description":"","parent":0},{"term_id":129,"name":"pink","slug":"pink","taxonomy":"pa_color","description":"","parent":0},{"term_id":103,"name":"red","slug":"red","taxonomy":"pa_color","description":"","parent":0},{"term_id":116,"name":"white","slug":"white","taxonomy":"pa_color","description":"","parent":0},{"term_id":100,"name":"yellow","slug":"yellow","taxonomy":"pa_color","description":"","parent":0}]