[{"term_id":114,"name":"L","slug":"l","taxonomy":"pa_size","description":"","parent":0},{"term_id":113,"name":"M","slug":"m","taxonomy":"pa_size","description":"","parent":0},{"term_id":111,"name":"S","slug":"s","taxonomy":"pa_size","description":"","parent":0},{"term_id":112,"name":"XL","slug":"xl","taxonomy":"pa_size","description":"","parent":0},{"term_id":149,"name":"XS","slug":"xs","taxonomy":"pa_size","description":"","parent":0},{"term_id":92,"name":"XXL","slug":"xxl","taxonomy":"pa_size","description":"","parent":0},{"term_id":115,"name":"XXS","slug":"xxs","taxonomy":"pa_size","description":"","parent":0}]